--
-- PostgreSQL database dump
--

\restrict kM8MzehwBi2zNQM10FzSOTR20dMJDYMxm1qrXkgZ5DdRA1wHaOnzUsY9HO1c6bg

-- Dumped from database version 16.13 (Ubuntu 16.13-0ubuntu0.24.04.1)
-- Dumped by pg_dump version 16.13 (Ubuntu 16.13-0ubuntu0.24.04.1)

SET statement_timeout = 0;
SET lock_timeout = 0;
SET idle_in_transaction_session_timeout = 0;
SET client_encoding = 'UTF8';
SET standard_conforming_strings = on;
SELECT pg_catalog.set_config('search_path', '', false);
SET check_function_bodies = false;
SET xmloption = content;
SET client_min_messages = warning;
SET row_security = off;

SET default_tablespace = '';

SET default_table_access_method = heap;

--
-- Name: api_bitacoraequina; Type: TABLE; Schema: public; Owner: cuadra_user
--

CREATE TABLE public.api_bitacoraequina (
    id uuid NOT NULL,
    fecha_registro date NOT NULL,
    descripcion_veterinaria text NOT NULL,
    caballo_id uuid NOT NULL,
    tipo_evento_id bigint NOT NULL,
    fecha_evento date,
    hora_evento time without time zone
);


ALTER TABLE public.api_bitacoraequina OWNER TO cuadra_user;

--
-- Name: api_bitacoraseguridad; Type: TABLE; Schema: public; Owner: cuadra_user
--

CREATE TABLE public.api_bitacoraseguridad (
    id uuid NOT NULL,
    tipo_evento character varying(50) NOT NULL,
    descripcion text NOT NULL,
    fecha_hora timestamp with time zone NOT NULL,
    ip_address inet,
    usuario_accion_id uuid,
    usuario_afectado_id uuid NOT NULL
);


ALTER TABLE public.api_bitacoraseguridad OWNER TO cuadra_user;

--
-- Name: api_caballo; Type: TABLE; Schema: public; Owner: cuadra_user
--

CREATE TABLE public.api_caballo (
    id uuid NOT NULL,
    nombre character varying(100) NOT NULL,
    peso_max_soporta numeric(5,2) NOT NULL,
    sesiones_semanales_max integer NOT NULL,
    activo boolean NOT NULL,
    estado_salud_id bigint NOT NULL,
    motivo_inactividad character varying(255),
    raza character varying(100),
    tipo character varying(100),
    disponible boolean NOT NULL,
    fecha_registro date
);


ALTER TABLE public.api_caballo OWNER TO cuadra_user;

--
-- Name: api_catalogodiagnostico; Type: TABLE; Schema: public; Owner: cuadra_user
--

CREATE TABLE public.api_catalogodiagnostico (
    id bigint NOT NULL,
    nombre character varying(100) NOT NULL
);


ALTER TABLE public.api_catalogodiagnostico OWNER TO cuadra_user;

--
-- Name: api_catalogodiagnostico_id_seq; Type: SEQUENCE; Schema: public; Owner: cuadra_user
--

ALTER TABLE public.api_catalogodiagnostico ALTER COLUMN id ADD GENERATED BY DEFAULT AS IDENTITY (
    SEQUENCE NAME public.api_catalogodiagnostico_id_seq
    START WITH 1
    INCREMENT BY 1
    NO MINVALUE
    NO MAXVALUE
    CACHE 1
);


--
-- Name: api_catalogoespecialidad; Type: TABLE; Schema: public; Owner: cuadra_user
--

CREATE TABLE public.api_catalogoespecialidad (
    id bigint NOT NULL,
    nombre character varying(100) NOT NULL
);


ALTER TABLE public.api_catalogoespecialidad OWNER TO cuadra_user;

--
-- Name: api_catalogoespecialidad_id_seq; Type: SEQUENCE; Schema: public; Owner: cuadra_user
--

ALTER TABLE public.api_catalogoespecialidad ALTER COLUMN id ADD GENERATED BY DEFAULT AS IDENTITY (
    SEQUENCE NAME public.api_catalogoespecialidad_id_seq
    START WITH 1
    INCREMENT BY 1
    NO MINVALUE
    NO MAXVALUE
    CACHE 1
);


--
-- Name: api_catalogoestadocaballo; Type: TABLE; Schema: public; Owner: cuadra_user
--

CREATE TABLE public.api_catalogoestadocaballo (
    id bigint NOT NULL,
    nombre character varying(50) NOT NULL
);


ALTER TABLE public.api_catalogoestadocaballo OWNER TO cuadra_user;

--
-- Name: api_catalogoestadocaballo_id_seq; Type: SEQUENCE; Schema: public; Owner: cuadra_user
--

ALTER TABLE public.api_catalogoestadocaballo ALTER COLUMN id ADD GENERATED BY DEFAULT AS IDENTITY (
    SEQUENCE NAME public.api_catalogoestadocaballo_id_seq
    START WITH 1
    INCREMENT BY 1
    NO MINVALUE
    NO MAXVALUE
    CACHE 1
);


--
-- Name: api_catalogoestadopago; Type: TABLE; Schema: public; Owner: cuadra_user
--

CREATE TABLE public.api_catalogoestadopago (
    id bigint NOT NULL,
    nombre character varying(50) NOT NULL
);


ALTER TABLE public.api_catalogoestadopago OWNER TO cuadra_user;

--
-- Name: api_catalogoestadopago_id_seq; Type: SEQUENCE; Schema: public; Owner: cuadra_user
--

ALTER TABLE public.api_catalogoestadopago ALTER COLUMN id ADD GENERATED BY DEFAULT AS IDENTITY (
    SEQUENCE NAME public.api_catalogoestadopago_id_seq
    START WITH 1
    INCREMENT BY 1
    NO MINVALUE
    NO MAXVALUE
    CACHE 1
);


--
-- Name: api_catalogoestadosesion; Type: TABLE; Schema: public; Owner: cuadra_user
--

CREATE TABLE public.api_catalogoestadosesion (
    id bigint NOT NULL,
    nombre character varying(50) NOT NULL
);


ALTER TABLE public.api_catalogoestadosesion OWNER TO cuadra_user;

--
-- Name: api_catalogoestadosesion_id_seq; Type: SEQUENCE; Schema: public; Owner: cuadra_user
--

ALTER TABLE public.api_catalogoestadosesion ALTER COLUMN id ADD GENERATED BY DEFAULT AS IDENTITY (
    SEQUENCE NAME public.api_catalogoestadosesion_id_seq
    START WITH 1
    INCREMENT BY 1
    NO MINVALUE
    NO MAXVALUE
    CACHE 1
);


--
-- Name: api_catalogoeventoequino; Type: TABLE; Schema: public; Owner: cuadra_user
--

CREATE TABLE public.api_catalogoeventoequino (
    id bigint NOT NULL,
    nombre character varying(100) NOT NULL
);


ALTER TABLE public.api_catalogoeventoequino OWNER TO cuadra_user;

--
-- Name: api_catalogoeventoequino_id_seq; Type: SEQUENCE; Schema: public; Owner: cuadra_user
--

ALTER TABLE public.api_catalogoeventoequino ALTER COLUMN id ADD GENERATED BY DEFAULT AS IDENTITY (
    SEQUENCE NAME public.api_catalogoeventoequino_id_seq
    START WITH 1
    INCREMENT BY 1
    NO MINVALUE
    NO MAXVALUE
    CACHE 1
);


--
-- Name: api_catalogoobjetivo; Type: TABLE; Schema: public; Owner: cuadra_user
--

CREATE TABLE public.api_catalogoobjetivo (
    id bigint NOT NULL,
    nombre character varying(255) NOT NULL
);


ALTER TABLE public.api_catalogoobjetivo OWNER TO cuadra_user;

--
-- Name: api_catalogoobjetivo_id_seq; Type: SEQUENCE; Schema: public; Owner: cuadra_user
--

ALTER TABLE public.api_catalogoobjetivo ALTER COLUMN id ADD GENERATED BY DEFAULT AS IDENTITY (
    SEQUENCE NAME public.api_catalogoobjetivo_id_seq
    START WITH 1
    INCREMENT BY 1
    NO MINVALUE
    NO MAXVALUE
    CACHE 1
);


--
-- Name: api_catalogoparentesco; Type: TABLE; Schema: public; Owner: cuadra_user
--

CREATE TABLE public.api_catalogoparentesco (
    id bigint NOT NULL,
    nombre character varying(50) NOT NULL
);


ALTER TABLE public.api_catalogoparentesco OWNER TO cuadra_user;

--
-- Name: api_catalogoparentesco_id_seq; Type: SEQUENCE; Schema: public; Owner: cuadra_user
--

ALTER TABLE public.api_catalogoparentesco ALTER COLUMN id ADD GENERATED BY DEFAULT AS IDENTITY (
    SEQUENCE NAME public.api_catalogoparentesco_id_seq
    START WITH 1
    INCREMENT BY 1
    NO MINVALUE
    NO MAXVALUE
    CACHE 1
);


--
-- Name: api_contactoemergencia; Type: TABLE; Schema: public; Owner: cuadra_user
--

CREATE TABLE public.api_contactoemergencia (
    id uuid NOT NULL,
    nombre_completo character varying(255) NOT NULL,
    telefono character varying(20) NOT NULL,
    parentesco_id bigint NOT NULL,
    paciente_id uuid NOT NULL
);


ALTER TABLE public.api_contactoemergencia OWNER TO cuadra_user;

--
-- Name: api_paciente; Type: TABLE; Schema: public; Owner: cuadra_user
--

CREATE TABLE public.api_paciente (
    id uuid NOT NULL,
    nombre character varying(255) NOT NULL,
    fecha_nacimiento date NOT NULL,
    peso_kg numeric(5,2) NOT NULL,
    activo boolean NOT NULL,
    caballo_favorito_id uuid,
    tutor_id uuid NOT NULL,
    antecedentes_familiares text,
    contacto_emergencia character varying(255),
    direccion text,
    es_mayor_de_edad boolean NOT NULL,
    estado_civil character varying(50),
    historial_medico text,
    motivo_consulta text,
    ocupacion_escolaridad character varying(200),
    tutor_secundario_nombre character varying(255),
    tutor_secundario_telefono character varying(20),
    fecha_registro date
);


ALTER TABLE public.api_paciente OWNER TO cuadra_user;

--
-- Name: api_pacientediagnostico; Type: TABLE; Schema: public; Owner: cuadra_user
--

CREATE TABLE public.api_pacientediagnostico (
    id bigint NOT NULL,
    observaciones text,
    diagnostico_id bigint NOT NULL,
    paciente_id uuid NOT NULL
);


ALTER TABLE public.api_pacientediagnostico OWNER TO cuadra_user;

--
-- Name: api_pacientediagnostico_id_seq; Type: SEQUENCE; Schema: public; Owner: cuadra_user
--

ALTER TABLE public.api_pacientediagnostico ALTER COLUMN id ADD GENERATED BY DEFAULT AS IDENTITY (
    SEQUENCE NAME public.api_pacientediagnostico_id_seq
    START WITH 1
    INCREMENT BY 1
    NO MINVALUE
    NO MAXVALUE
    CACHE 1
);


--
-- Name: api_pago; Type: TABLE; Schema: public; Owner: cuadra_user
--

CREATE TABLE public.api_pago (
    id uuid NOT NULL,
    monto numeric(10,2) NOT NULL,
    fecha_limite date NOT NULL,
    estatus_id bigint NOT NULL,
    sesion_id uuid NOT NULL,
    tutor_id uuid NOT NULL,
    comprobante character varying(100),
    fecha_pago date
);


ALTER TABLE public.api_pago OWNER TO cuadra_user;

--
-- Name: api_reporteobjetivo; Type: TABLE; Schema: public; Owner: cuadra_user
--

CREATE TABLE public.api_reporteobjetivo (
    id bigint NOT NULL,
    objetivo_id bigint NOT NULL,
    reporte_id uuid NOT NULL
);


ALTER TABLE public.api_reporteobjetivo OWNER TO cuadra_user;

--
-- Name: api_reporteobjetivo_id_seq; Type: SEQUENCE; Schema: public; Owner: cuadra_user
--

ALTER TABLE public.api_reporteobjetivo ALTER COLUMN id ADD GENERATED BY DEFAULT AS IDENTITY (
    SEQUENCE NAME public.api_reporteobjetivo_id_seq
    START WITH 1
    INCREMENT BY 1
    NO MINVALUE
    NO MAXVALUE
    CACHE 1
);


--
-- Name: api_reportesesion; Type: TABLE; Schema: public; Owner: cuadra_user
--

CREATE TABLE public.api_reportesesion (
    id uuid NOT NULL,
    ansiedad_inicial integer NOT NULL,
    ansiedad_final integer NOT NULL,
    notas_clinicas text NOT NULL,
    recomendacion_casa text NOT NULL,
    sesion_id uuid NOT NULL
);


ALTER TABLE public.api_reportesesion OWNER TO cuadra_user;

--
-- Name: api_rol; Type: TABLE; Schema: public; Owner: cuadra_user
--

CREATE TABLE public.api_rol (
    id bigint NOT NULL,
    nombre character varying(50) NOT NULL
);


ALTER TABLE public.api_rol OWNER TO cuadra_user;

--
-- Name: api_rol_id_seq; Type: SEQUENCE; Schema: public; Owner: cuadra_user
--

ALTER TABLE public.api_rol ALTER COLUMN id ADD GENERATED BY DEFAULT AS IDENTITY (
    SEQUENCE NAME public.api_rol_id_seq
    START WITH 1
    INCREMENT BY 1
    NO MINVALUE
    NO MAXVALUE
    CACHE 1
);


--
-- Name: api_sesion; Type: TABLE; Schema: public; Owner: cuadra_user
--

CREATE TABLE public.api_sesion (
    id uuid NOT NULL,
    fecha_hora timestamp with time zone NOT NULL,
    caballo_id uuid NOT NULL,
    estatus_id bigint NOT NULL,
    paciente_id uuid NOT NULL,
    terapeuta_id uuid NOT NULL
);


ALTER TABLE public.api_sesion OWNER TO cuadra_user;

--
-- Name: api_terapeuta; Type: TABLE; Schema: public; Owner: cuadra_user
--

CREATE TABLE public.api_terapeuta (
    id uuid NOT NULL,
    cedula_profesional character varying(50),
    especialidad_id bigint NOT NULL,
    usuario_id uuid NOT NULL,
    biografia text,
    disponible boolean NOT NULL,
    fecha_registro date
);


ALTER TABLE public.api_terapeuta OWNER TO cuadra_user;

--
-- Name: api_usuario; Type: TABLE; Schema: public; Owner: cuadra_user
--

CREATE TABLE public.api_usuario (
    id uuid NOT NULL,
    email character varying(254) NOT NULL,
    password character varying(255) NOT NULL,
    nombre_completo character varying(255) NOT NULL,
    telefono character varying(20),
    activo boolean NOT NULL,
    rol_id bigint NOT NULL
);


ALTER TABLE public.api_usuario OWNER TO cuadra_user;

--
-- Name: auth_group; Type: TABLE; Schema: public; Owner: cuadra_user
--

CREATE TABLE public.auth_group (
    id integer NOT NULL,
    name character varying(150) NOT NULL
);


ALTER TABLE public.auth_group OWNER TO cuadra_user;

--
-- Name: auth_group_id_seq; Type: SEQUENCE; Schema: public; Owner: cuadra_user
--

ALTER TABLE public.auth_group ALTER COLUMN id ADD GENERATED BY DEFAULT AS IDENTITY (
    SEQUENCE NAME public.auth_group_id_seq
    START WITH 1
    INCREMENT BY 1
    NO MINVALUE
    NO MAXVALUE
    CACHE 1
);


--
-- Name: auth_group_permissions; Type: TABLE; Schema: public; Owner: cuadra_user
--

CREATE TABLE public.auth_group_permissions (
    id bigint NOT NULL,
    group_id integer NOT NULL,
    permission_id integer NOT NULL
);


ALTER TABLE public.auth_group_permissions OWNER TO cuadra_user;

--
-- Name: auth_group_permissions_id_seq; Type: SEQUENCE; Schema: public; Owner: cuadra_user
--

ALTER TABLE public.auth_group_permissions ALTER COLUMN id ADD GENERATED BY DEFAULT AS IDENTITY (
    SEQUENCE NAME public.auth_group_permissions_id_seq
    START WITH 1
    INCREMENT BY 1
    NO MINVALUE
    NO MAXVALUE
    CACHE 1
);


--
-- Name: auth_permission; Type: TABLE; Schema: public; Owner: cuadra_user
--

CREATE TABLE public.auth_permission (
    id integer NOT NULL,
    name character varying(255) NOT NULL,
    content_type_id integer NOT NULL,
    codename character varying(100) NOT NULL
);


ALTER TABLE public.auth_permission OWNER TO cuadra_user;

--
-- Name: auth_permission_id_seq; Type: SEQUENCE; Schema: public; Owner: cuadra_user
--

ALTER TABLE public.auth_permission ALTER COLUMN id ADD GENERATED BY DEFAULT AS IDENTITY (
    SEQUENCE NAME public.auth_permission_id_seq
    START WITH 1
    INCREMENT BY 1
    NO MINVALUE
    NO MAXVALUE
    CACHE 1
);


--
-- Name: auth_user; Type: TABLE; Schema: public; Owner: cuadra_user
--

CREATE TABLE public.auth_user (
    id integer NOT NULL,
    password character varying(128) NOT NULL,
    last_login timestamp with time zone,
    is_superuser boolean NOT NULL,
    username character varying(150) NOT NULL,
    first_name character varying(150) NOT NULL,
    last_name character varying(150) NOT NULL,
    email character varying(254) NOT NULL,
    is_staff boolean NOT NULL,
    is_active boolean NOT NULL,
    date_joined timestamp with time zone NOT NULL
);


ALTER TABLE public.auth_user OWNER TO cuadra_user;

--
-- Name: auth_user_groups; Type: TABLE; Schema: public; Owner: cuadra_user
--

CREATE TABLE public.auth_user_groups (
    id bigint NOT NULL,
    user_id integer NOT NULL,
    group_id integer NOT NULL
);


ALTER TABLE public.auth_user_groups OWNER TO cuadra_user;

--
-- Name: auth_user_groups_id_seq; Type: SEQUENCE; Schema: public; Owner: cuadra_user
--

ALTER TABLE public.auth_user_groups ALTER COLUMN id ADD GENERATED BY DEFAULT AS IDENTITY (
    SEQUENCE NAME public.auth_user_groups_id_seq
    START WITH 1
    INCREMENT BY 1
    NO MINVALUE
    NO MAXVALUE
    CACHE 1
);


--
-- Name: auth_user_id_seq; Type: SEQUENCE; Schema: public; Owner: cuadra_user
--

ALTER TABLE public.auth_user ALTER COLUMN id ADD GENERATED BY DEFAULT AS IDENTITY (
    SEQUENCE NAME public.auth_user_id_seq
    START WITH 1
    INCREMENT BY 1
    NO MINVALUE
    NO MAXVALUE
    CACHE 1
);


--
-- Name: auth_user_user_permissions; Type: TABLE; Schema: public; Owner: cuadra_user
--

CREATE TABLE public.auth_user_user_permissions (
    id bigint NOT NULL,
    user_id integer NOT NULL,
    permission_id integer NOT NULL
);


ALTER TABLE public.auth_user_user_permissions OWNER TO cuadra_user;

--
-- Name: auth_user_user_permissions_id_seq; Type: SEQUENCE; Schema: public; Owner: cuadra_user
--

ALTER TABLE public.auth_user_user_permissions ALTER COLUMN id ADD GENERATED BY DEFAULT AS IDENTITY (
    SEQUENCE NAME public.auth_user_user_permissions_id_seq
    START WITH 1
    INCREMENT BY 1
    NO MINVALUE
    NO MAXVALUE
    CACHE 1
);


--
-- Name: authtoken_token; Type: TABLE; Schema: public; Owner: cuadra_user
--

CREATE TABLE public.authtoken_token (
    key character varying(40) NOT NULL,
    created timestamp with time zone NOT NULL,
    user_id integer NOT NULL
);


ALTER TABLE public.authtoken_token OWNER TO cuadra_user;

--
-- Name: django_admin_log; Type: TABLE; Schema: public; Owner: cuadra_user
--

CREATE TABLE public.django_admin_log (
    id integer NOT NULL,
    action_time timestamp with time zone NOT NULL,
    object_id text,
    object_repr character varying(200) NOT NULL,
    action_flag smallint NOT NULL,
    change_message text NOT NULL,
    content_type_id integer,
    user_id integer NOT NULL,
    CONSTRAINT django_admin_log_action_flag_check CHECK ((action_flag >= 0))
);


ALTER TABLE public.django_admin_log OWNER TO cuadra_user;

--
-- Name: django_admin_log_id_seq; Type: SEQUENCE; Schema: public; Owner: cuadra_user
--

ALTER TABLE public.django_admin_log ALTER COLUMN id ADD GENERATED BY DEFAULT AS IDENTITY (
    SEQUENCE NAME public.django_admin_log_id_seq
    START WITH 1
    INCREMENT BY 1
    NO MINVALUE
    NO MAXVALUE
    CACHE 1
);


--
-- Name: django_content_type; Type: TABLE; Schema: public; Owner: cuadra_user
--

CREATE TABLE public.django_content_type (
    id integer NOT NULL,
    app_label character varying(100) NOT NULL,
    model character varying(100) NOT NULL
);


ALTER TABLE public.django_content_type OWNER TO cuadra_user;

--
-- Name: django_content_type_id_seq; Type: SEQUENCE; Schema: public; Owner: cuadra_user
--

ALTER TABLE public.django_content_type ALTER COLUMN id ADD GENERATED BY DEFAULT AS IDENTITY (
    SEQUENCE NAME public.django_content_type_id_seq
    START WITH 1
    INCREMENT BY 1
    NO MINVALUE
    NO MAXVALUE
    CACHE 1
);


--
-- Name: django_migrations; Type: TABLE; Schema: public; Owner: cuadra_user
--

CREATE TABLE public.django_migrations (
    id bigint NOT NULL,
    app character varying(255) NOT NULL,
    name character varying(255) NOT NULL,
    applied timestamp with time zone NOT NULL
);


ALTER TABLE public.django_migrations OWNER TO cuadra_user;

--
-- Name: django_migrations_id_seq; Type: SEQUENCE; Schema: public; Owner: cuadra_user
--

ALTER TABLE public.django_migrations ALTER COLUMN id ADD GENERATED BY DEFAULT AS IDENTITY (
    SEQUENCE NAME public.django_migrations_id_seq
    START WITH 1
    INCREMENT BY 1
    NO MINVALUE
    NO MAXVALUE
    CACHE 1
);


--
-- Name: django_session; Type: TABLE; Schema: public; Owner: cuadra_user
--

CREATE TABLE public.django_session (
    session_key character varying(40) NOT NULL,
    session_data text NOT NULL,
    expire_date timestamp with time zone NOT NULL
);


ALTER TABLE public.django_session OWNER TO cuadra_user;

--
-- Data for Name: api_bitacoraequina; Type: TABLE DATA; Schema: public; Owner: cuadra_user
--

COPY public.api_bitacoraequina (id, fecha_registro, descripcion_veterinaria, caballo_id, tipo_evento_id, fecha_evento, hora_evento) FROM stdin;
\.


--
-- Data for Name: api_bitacoraseguridad; Type: TABLE DATA; Schema: public; Owner: cuadra_user
--

COPY public.api_bitacoraseguridad (id, tipo_evento, descripcion, fecha_hora, ip_address, usuario_accion_id, usuario_afectado_id) FROM stdin;
\.


--
-- Data for Name: api_caballo; Type: TABLE DATA; Schema: public; Owner: cuadra_user
--

COPY public.api_caballo (id, nombre, peso_max_soporta, sesiones_semanales_max, activo, estado_salud_id, motivo_inactividad, raza, tipo, disponible, fecha_registro) FROM stdin;
b2f36646-1bb4-421a-a2d8-9e69ddf0a7b0	Relámpago	85.00	10	t	1		Pura Sangre	\N	t	2026-05-01
0f453d57-3422-4bd5-b6cf-902faa889925	Estrella	80.00	5	t	1	as	Criollo	Trabajo	t	2026-05-01
9189b76c-c4da-4f18-86e4-b9b5e39090d9	Trueno	95.00	12	t	1		Cuarto de Milla		t	2026-05-01
af263a99-0665-464c-880b-bd9f54f945da	Luna	75.00	8	t	1	ssss	Árabe		t	2026-05-01
\.


--
-- Data for Name: api_catalogodiagnostico; Type: TABLE DATA; Schema: public; Owner: cuadra_user
--

COPY public.api_catalogodiagnostico (id, nombre) FROM stdin;
1	Paralisis Cerebral Infantil (PCI)
2	Trastorno del Espectro Autista (TEA)
3	Sindrome de Down
4	TDAH
5	Discapacidad intelectual
6	Trastorno del lenguaje
7	Retraso psicomotor
8	Distrofia muscular
9	Lesion medular
10	Trastorno de ansiedad
\.


--
-- Data for Name: api_catalogoespecialidad; Type: TABLE DATA; Schema: public; Owner: cuadra_user
--

COPY public.api_catalogoespecialidad (id, nombre) FROM stdin;
1	Fundador y Ranchero
2	Arrendador y Experto Charro
3	Administración y Equinoterapia
4	Dirección CRED
5	Psicopedagogía
6	Fisioterapia
7	Área Clínica
8	Alta Escuela y Fundadora Domecq
9	Psicopedagogía Nacional
\.


--
-- Data for Name: api_catalogoestadocaballo; Type: TABLE DATA; Schema: public; Owner: cuadra_user
--

COPY public.api_catalogoestadocaballo (id, nombre) FROM stdin;
1	Activo
2	Reposo
3	Atencion Medica
4	Retirado
\.


--
-- Data for Name: api_catalogoestadopago; Type: TABLE DATA; Schema: public; Owner: cuadra_user
--

COPY public.api_catalogoestadopago (id, nombre) FROM stdin;
1	Pendiente
2	Pagado
3	Vencido
4	Condonado
\.


--
-- Data for Name: api_catalogoestadosesion; Type: TABLE DATA; Schema: public; Owner: cuadra_user
--

COPY public.api_catalogoestadosesion (id, nombre) FROM stdin;
1	Programada
2	En Curso
3	Finalizada
4	Cancelada
\.


--
-- Data for Name: api_catalogoeventoequino; Type: TABLE DATA; Schema: public; Owner: cuadra_user
--

COPY public.api_catalogoeventoequino (id, nombre) FROM stdin;
1	Vacuna
2	Herraje
3	Lesión
4	Atención Veterinaria
5	Desparasitación
6	Descanso/Reposo
\.


--
-- Data for Name: api_catalogoobjetivo; Type: TABLE DATA; Schema: public; Owner: cuadra_user
--

COPY public.api_catalogoobjetivo (id, nombre) FROM stdin;
1	Mejorar equilibrio
2	Control postural
3	Estimulacion sensorial
4	Coordinacion motora
5	Relajacion y manejo de ansiedad
6	Socializacion
7	Comunicacion verbal y no verbal
8	Fortalecimiento muscular
9	Independencia funcional
10	Regulacion emocional
\.


--
-- Data for Name: api_catalogoparentesco; Type: TABLE DATA; Schema: public; Owner: cuadra_user
--

COPY public.api_catalogoparentesco (id, nombre) FROM stdin;
1	Madre
2	Padre
3	Abuelo/a
4	Tutor Legal
5	Hermano/a
6	Tio/a
7	Otro
\.


--
-- Data for Name: api_contactoemergencia; Type: TABLE DATA; Schema: public; Owner: cuadra_user
--

COPY public.api_contactoemergencia (id, nombre_completo, telefono, parentesco_id, paciente_id) FROM stdin;
\.


--
-- Data for Name: api_paciente; Type: TABLE DATA; Schema: public; Owner: cuadra_user
--

COPY public.api_paciente (id, nombre, fecha_nacimiento, peso_kg, activo, caballo_favorito_id, tutor_id, antecedentes_familiares, contacto_emergencia, direccion, es_mayor_de_edad, estado_civil, historial_medico, motivo_consulta, ocupacion_escolaridad, tutor_secundario_nombre, tutor_secundario_telefono, fecha_registro) FROM stdin;
\.


--
-- Data for Name: api_pacientediagnostico; Type: TABLE DATA; Schema: public; Owner: cuadra_user
--

COPY public.api_pacientediagnostico (id, observaciones, diagnostico_id, paciente_id) FROM stdin;
\.


--
-- Data for Name: api_pago; Type: TABLE DATA; Schema: public; Owner: cuadra_user
--

COPY public.api_pago (id, monto, fecha_limite, estatus_id, sesion_id, tutor_id, comprobante, fecha_pago) FROM stdin;
\.


--
-- Data for Name: api_reporteobjetivo; Type: TABLE DATA; Schema: public; Owner: cuadra_user
--

COPY public.api_reporteobjetivo (id, objetivo_id, reporte_id) FROM stdin;
\.


--
-- Data for Name: api_reportesesion; Type: TABLE DATA; Schema: public; Owner: cuadra_user
--

COPY public.api_reportesesion (id, ansiedad_inicial, ansiedad_final, notas_clinicas, recomendacion_casa, sesion_id) FROM stdin;
\.


--
-- Data for Name: api_rol; Type: TABLE DATA; Schema: public; Owner: cuadra_user
--

COPY public.api_rol (id, nombre) FROM stdin;
1	Administrador
2	Admin
3	Terapeuta
\.


--
-- Data for Name: api_sesion; Type: TABLE DATA; Schema: public; Owner: cuadra_user
--

COPY public.api_sesion (id, fecha_hora, caballo_id, estatus_id, paciente_id, terapeuta_id) FROM stdin;
\.


--
-- Data for Name: api_terapeuta; Type: TABLE DATA; Schema: public; Owner: cuadra_user
--

COPY public.api_terapeuta (id, cedula_profesional, especialidad_id, usuario_id, biografia, disponible, fecha_registro) FROM stdin;
449c0bb6-4c23-4fe2-a2c4-1528e15a43ba	\N	1	d2f8fff4-47bf-41ac-8ebc-b3e141c7b328	NUESTRO FUNDADOR Y EL CORAZON QUE HACE LATIR A NUESTRA CUADRA. INGENIERO DE PROFESION PERO RANCHERO POR CONVICCION	t	2026-05-01
5561aa6e-88ce-4754-8b1e-d0bf2bb5770c	\N	2	6cf3baed-82bb-4bbf-805f-8471538c3cd7	Arrendador y experto charro con +30 años de experiencia Y GANADOR DE COMPETENCIAS DE RODEO INTERNACIONALES	t	2026-05-01
18bed23e-f9b9-4a73-b86b-2329bae5b832	\N	3	e1d0e926-4242-4a8a-b9c5-dfb451542d15	licenciada en ADMINISTRAcion por la uam, es nuestra administradora con certificación en equinoterapia	t	2026-05-01
4a2d5f82-8c6e-46ff-a9be-305c33aeaa4d	\N	4	a03d6ebd-3e2a-4836-8c73-095cea80ac2f	directora del cred-sede cuadra erre y madre que trabaja para que todas las mamás cabeñas tengan un espacio para una rehabilitación digna y eficaz	t	2026-05-01
517663d3-42a1-4c34-8538-daf39878869c	\N	5	f69190a4-9372-4d27-89d1-bd7e60fb5150	LICENCIADA EN PSICOLOGIA Y EQUINOTERAPEUTA DE AMPLIA EXPERIENCIA A CARGO DEL AREA DE PSICOPEDAGOGIA EN CRED-CUADRA ERRE	t	2026-05-01
73d2d0eb-b590-4975-b828-4a1be6e72178	\N	6	f1c56133-bbe5-47ac-b21f-2927f4c4bf12	LICENCIADA EN FISIOTERAPIA Y EQUINOTERAPEUTA de excelencia A CARGO DEL AREA DE fisioterapia EN CRED-CUADRA ERRE	t	2026-05-01
ecf7e382-c6fd-4145-9495-ebe4784ae96b	\N	7	d1a3b29c-1de4-4a7e-bd69-be29e7ce6f1d	licenciado en fisioterapia con maestria en salud y diversas certificaciones nacioanles e internacionales en equinoterapia a cargo del area clinica de cred-cuadra erre y coordinador nacional de fisioterapia en centro de rehabilitación ecuestre domecq	t	2026-05-01
1bef69a6-4774-4e5d-a837-48ede2e762b0	\N	8	1374c02f-8449-4373-ba26-f9b6c1448bda	fundadora del centro de rehabilitación ecuestre domecq, primera mujer graduada de jinete de alta escuela en mexico y gran innovadora de la terapia con equinos en mexico que con generosidad y valor ha creado esta realidad de màs de 1000 terapias anuales entre todas las sedes que ha logrado generar	t	2026-05-01
b4deb79e-a268-42dc-973c-e5376a8963f4	\N	9	48f03fec-a398-455b-8db5-d1f10395b765	LICENCIADO EN PSICOPEDAGOGIA CON MAESTRIA EN EL AREA DE LA SALUD Y CERTIFICACION EN EQUINOTERAPIA A CARGO DEL AREA DE PSICOPEDAGOGIA A NIVEL NACIONAL EN CENTRO DE REHABILITACIÓN ECUESTRE DOMECQ	t	2026-05-01
\.


--
-- Data for Name: api_usuario; Type: TABLE DATA; Schema: public; Owner: cuadra_user
--

COPY public.api_usuario (id, email, password, nombre_completo, telefono, activo, rol_id) FROM stdin;
d75080bf-c834-4835-8f5c-cebcf3c88a46	admin@cuadraerre.com	pbkdf2_sha256$1200000$GbRslVZmlQxKIKXamDgVCy$bSOYibuDW5nLwQQoCc0LtZQfsLnsewbWNeMwCRDnEc4=	Admin Cuadra Erre	\N	t	1
d2f8fff4-47bf-41ac-8ebc-b3e141c7b328	emmanuel.urbina@cuadraerre.com	pbkdf2_sha256$1200000$osKqdkrmD3UUXUJqGStvXJ$xInDk409gFGgVqalhmk0YqZoRuB2DXbhasbHndEj6ac=	Emmanuel Urbina	\N	t	3
6cf3baed-82bb-4bbf-805f-8471538c3cd7	jose.tejeda@cuadraerre.com	pbkdf2_sha256$1200000$ZpyvQo1oysbidO3d0wlg7r$L6zNTgcU1P0dCzt6RKp9ucAupYwvid5/v9fRFIo1Zis=	Jose Tejeda Noriega	\N	t	3
e1d0e926-4242-4a8a-b9c5-dfb451542d15	valentina.gonzalez@cuadraerre.com	pbkdf2_sha256$1200000$4JB3EIK9JFct1ShrTCF4QR$dZU6QzfPEjsUjLEYHxVd2Pw3q15SE7Rwhg3XlSbdXVg=	Valentina Gonzalez	\N	t	3
a03d6ebd-3e2a-4836-8c73-095cea80ac2f	marialuisa.gutierrez@cuadraerre.com	pbkdf2_sha256$1200000$kOXhMmoXaaCtYkTd2g1XOz$UxjyO+XqJ6EmE0TD+4eewYRRbSUJ/xfvXfHUPd8G2DM=	María Luisa Gutiérrez	\N	t	3
f69190a4-9372-4d27-89d1-bd7e60fb5150	valeria.camacho@cuadraerre.com	pbkdf2_sha256$1200000$xePwz7UDuAu6Bunk6JaX8F$xYBmQNqo8lj4wtY6XVK3DNTz3i2uM6hh9RFG/VcBp4A=	Valeria Camacho	\N	t	3
f1c56133-bbe5-47ac-b21f-2927f4c4bf12	sara.valencia@cuadraerre.com	pbkdf2_sha256$1200000$4hvL5JKUAVRWI74AJw7ENI$JZrXtYjVh0L2tO+DwZ6YxfaVcCrDnyI6LiJ9R/dHyJQ=	Sara Valencia	\N	t	3
d1a3b29c-1de4-4a7e-bd69-be29e7ce6f1d	omar.santamarina@cuadraerre.com	pbkdf2_sha256$1200000$oesgggHpxTrX739zZXZbfx$zB4ZbJbx2pLNX7x5rpX2qcvV1YulvTPN0z2FQMQZZOk=	Omar Santamarina	\N	t	3
1374c02f-8449-4373-ba26-f9b6c1448bda	adriana.ramirez@cuadraerre.com	pbkdf2_sha256$1200000$OgvsJ9fOLRigNPYeFeNILx$NRHlBV3SlcD8rVm7/mOKrBI6i+b2JZurDc6f91zPyp4=	Adriana Ramirez	\N	t	3
48f03fec-a398-455b-8db5-d1f10395b765	samuel.aguirre@cuadraerre.com	pbkdf2_sha256$1200000$BqMn6SOXCEEGIFxBNjLKKg$S93dua5s07tJOkmn7eT+qV/hAv0HxtRmwwO1uw7QR4Y=	Samuel Aguirre	\N	t	3
\.


--
-- Data for Name: auth_group; Type: TABLE DATA; Schema: public; Owner: cuadra_user
--

COPY public.auth_group (id, name) FROM stdin;
\.


--
-- Data for Name: auth_group_permissions; Type: TABLE DATA; Schema: public; Owner: cuadra_user
--

COPY public.auth_group_permissions (id, group_id, permission_id) FROM stdin;
\.


--
-- Data for Name: auth_permission; Type: TABLE DATA; Schema: public; Owner: cuadra_user
--

COPY public.auth_permission (id, name, content_type_id, codename) FROM stdin;
1	Can add log entry	1	add_logentry
2	Can change log entry	1	change_logentry
3	Can delete log entry	1	delete_logentry
4	Can view log entry	1	view_logentry
5	Can add permission	3	add_permission
6	Can change permission	3	change_permission
7	Can delete permission	3	delete_permission
8	Can view permission	3	view_permission
9	Can add group	2	add_group
10	Can change group	2	change_group
11	Can delete group	2	delete_group
12	Can view group	2	view_group
13	Can add user	4	add_user
14	Can change user	4	change_user
15	Can delete user	4	delete_user
16	Can view user	4	view_user
17	Can add content type	5	add_contenttype
18	Can change content type	5	change_contenttype
19	Can delete content type	5	delete_contenttype
20	Can view content type	5	view_contenttype
21	Can add session	6	add_session
22	Can change session	6	change_session
23	Can delete session	6	delete_session
24	Can view session	6	view_session
25	Can add Token	7	add_token
26	Can change Token	7	change_token
27	Can delete Token	7	delete_token
28	Can view Token	7	view_token
29	Can add Token	8	add_tokenproxy
30	Can change Token	8	change_tokenproxy
31	Can delete Token	8	delete_tokenproxy
32	Can view Token	8	view_tokenproxy
33	Can add catalogo diagnostico	12	add_catalogodiagnostico
34	Can change catalogo diagnostico	12	change_catalogodiagnostico
35	Can delete catalogo diagnostico	12	delete_catalogodiagnostico
36	Can view catalogo diagnostico	12	view_catalogodiagnostico
37	Can add catalogo especialidad	13	add_catalogoespecialidad
38	Can change catalogo especialidad	13	change_catalogoespecialidad
39	Can delete catalogo especialidad	13	delete_catalogoespecialidad
40	Can view catalogo especialidad	13	view_catalogoespecialidad
41	Can add catalogo estado caballo	14	add_catalogoestadocaballo
42	Can change catalogo estado caballo	14	change_catalogoestadocaballo
43	Can delete catalogo estado caballo	14	delete_catalogoestadocaballo
44	Can view catalogo estado caballo	14	view_catalogoestadocaballo
45	Can add catalogo estado pago	15	add_catalogoestadopago
46	Can change catalogo estado pago	15	change_catalogoestadopago
47	Can delete catalogo estado pago	15	delete_catalogoestadopago
48	Can view catalogo estado pago	15	view_catalogoestadopago
49	Can add catalogo estado sesion	16	add_catalogoestadosesion
50	Can change catalogo estado sesion	16	change_catalogoestadosesion
51	Can delete catalogo estado sesion	16	delete_catalogoestadosesion
52	Can view catalogo estado sesion	16	view_catalogoestadosesion
53	Can add catalogo evento equino	17	add_catalogoeventoequino
54	Can change catalogo evento equino	17	change_catalogoeventoequino
55	Can delete catalogo evento equino	17	delete_catalogoeventoequino
56	Can view catalogo evento equino	17	view_catalogoeventoequino
57	Can add catalogo objetivo	18	add_catalogoobjetivo
58	Can change catalogo objetivo	18	change_catalogoobjetivo
59	Can delete catalogo objetivo	18	delete_catalogoobjetivo
60	Can view catalogo objetivo	18	view_catalogoobjetivo
61	Can add catalogo parentesco	19	add_catalogoparentesco
62	Can change catalogo parentesco	19	change_catalogoparentesco
63	Can delete catalogo parentesco	19	delete_catalogoparentesco
64	Can view catalogo parentesco	19	view_catalogoparentesco
65	Can add rol	26	add_rol
66	Can change rol	26	change_rol
67	Can delete rol	26	delete_rol
68	Can view rol	26	view_rol
69	Can add caballo	11	add_caballo
70	Can change caballo	11	change_caballo
71	Can delete caballo	11	delete_caballo
72	Can view caballo	11	view_caballo
73	Can add bitacora equina	9	add_bitacoraequina
74	Can change bitacora equina	9	change_bitacoraequina
75	Can delete bitacora equina	9	delete_bitacoraequina
76	Can view bitacora equina	9	view_bitacoraequina
77	Can add paciente	21	add_paciente
78	Can change paciente	21	change_paciente
79	Can delete paciente	21	delete_paciente
80	Can view paciente	21	view_paciente
81	Can add contacto emergencia	20	add_contactoemergencia
82	Can change contacto emergencia	20	change_contactoemergencia
83	Can delete contacto emergencia	20	delete_contactoemergencia
84	Can view contacto emergencia	20	view_contactoemergencia
85	Can add sesion	27	add_sesion
86	Can change sesion	27	change_sesion
87	Can delete sesion	27	delete_sesion
88	Can view sesion	27	view_sesion
89	Can add reporte sesion	25	add_reportesesion
90	Can change reporte sesion	25	change_reportesesion
91	Can delete reporte sesion	25	delete_reportesesion
92	Can view reporte sesion	25	view_reportesesion
93	Can add terapeuta	28	add_terapeuta
94	Can change terapeuta	28	change_terapeuta
95	Can delete terapeuta	28	delete_terapeuta
96	Can view terapeuta	28	view_terapeuta
97	Can add usuario	29	add_usuario
98	Can change usuario	29	change_usuario
99	Can delete usuario	29	delete_usuario
100	Can view usuario	29	view_usuario
101	Can add pago	23	add_pago
102	Can change pago	23	change_pago
103	Can delete pago	23	delete_pago
104	Can view pago	23	view_pago
105	Can add paciente diagnostico	22	add_pacientediagnostico
106	Can change paciente diagnostico	22	change_pacientediagnostico
107	Can delete paciente diagnostico	22	delete_pacientediagnostico
108	Can view paciente diagnostico	22	view_pacientediagnostico
109	Can add reporte objetivo	24	add_reporteobjetivo
110	Can change reporte objetivo	24	change_reporteobjetivo
111	Can delete reporte objetivo	24	delete_reporteobjetivo
112	Can view reporte objetivo	24	view_reporteobjetivo
113	Can add bitacora seguridad	10	add_bitacoraseguridad
114	Can change bitacora seguridad	10	change_bitacoraseguridad
115	Can delete bitacora seguridad	10	delete_bitacoraseguridad
116	Can view bitacora seguridad	10	view_bitacoraseguridad
\.


--
-- Data for Name: auth_user; Type: TABLE DATA; Schema: public; Owner: cuadra_user
--

COPY public.auth_user (id, password, last_login, is_superuser, username, first_name, last_name, email, is_staff, is_active, date_joined) FROM stdin;
\.


--
-- Data for Name: auth_user_groups; Type: TABLE DATA; Schema: public; Owner: cuadra_user
--

COPY public.auth_user_groups (id, user_id, group_id) FROM stdin;
\.


--
-- Data for Name: auth_user_user_permissions; Type: TABLE DATA; Schema: public; Owner: cuadra_user
--

COPY public.auth_user_user_permissions (id, user_id, permission_id) FROM stdin;
\.


--
-- Data for Name: authtoken_token; Type: TABLE DATA; Schema: public; Owner: cuadra_user
--

COPY public.authtoken_token (key, created, user_id) FROM stdin;
\.


--
-- Data for Name: django_admin_log; Type: TABLE DATA; Schema: public; Owner: cuadra_user
--

COPY public.django_admin_log (id, action_time, object_id, object_repr, action_flag, change_message, content_type_id, user_id) FROM stdin;
\.


--
-- Data for Name: django_content_type; Type: TABLE DATA; Schema: public; Owner: cuadra_user
--

COPY public.django_content_type (id, app_label, model) FROM stdin;
1	admin	logentry
2	auth	group
3	auth	permission
4	auth	user
5	contenttypes	contenttype
6	sessions	session
7	authtoken	token
8	authtoken	tokenproxy
9	api	bitacoraequina
10	api	bitacoraseguridad
11	api	caballo
12	api	catalogodiagnostico
13	api	catalogoespecialidad
14	api	catalogoestadocaballo
15	api	catalogoestadopago
16	api	catalogoestadosesion
17	api	catalogoeventoequino
18	api	catalogoobjetivo
19	api	catalogoparentesco
20	api	contactoemergencia
21	api	paciente
22	api	pacientediagnostico
23	api	pago
24	api	reporteobjetivo
25	api	reportesesion
26	api	rol
27	api	sesion
28	api	terapeuta
29	api	usuario
\.


--
-- Data for Name: django_migrations; Type: TABLE DATA; Schema: public; Owner: cuadra_user
--

COPY public.django_migrations (id, app, name, applied) FROM stdin;
1	contenttypes	0001_initial	2026-04-30 23:44:29.149443-06
2	auth	0001_initial	2026-04-30 23:44:29.209845-06
3	admin	0001_initial	2026-04-30 23:44:29.251199-06
4	admin	0002_logentry_remove_auto_add	2026-04-30 23:44:29.259446-06
5	admin	0003_logentry_add_action_flag_choices	2026-04-30 23:44:29.267144-06
6	api	0001_initial	2026-04-30 23:44:29.458429-06
7	api	0002_paciente_antecedentes_familiares_and_more	2026-04-30 23:44:29.531159-06
8	api	0003_caballo_motivo_inactividad	2026-04-30 23:44:29.537556-06
9	api	0004_paciente_tutor_secundario_nombre_and_more	2026-04-30 23:44:29.556494-06
10	api	0005_caballo_raza_caballo_tipo_terapeuta_biografia	2026-04-30 23:44:29.578541-06
11	api	0006_caballo_disponible_terapeuta_disponible	2026-04-30 23:44:29.596021-06
12	api	0007_pago_comprobante_pago_fecha_pago_bitacoraseguridad	2026-04-30 23:44:29.635453-06
13	api	0008_caballo_fecha_registro_paciente_fecha_registro_and_more	2026-04-30 23:44:29.663143-06
14	contenttypes	0002_remove_content_type_name	2026-04-30 23:44:29.69167-06
15	auth	0002_alter_permission_name_max_length	2026-04-30 23:44:29.699662-06
16	auth	0003_alter_user_email_max_length	2026-04-30 23:44:29.708106-06
17	auth	0004_alter_user_username_opts	2026-04-30 23:44:29.715186-06
18	auth	0005_alter_user_last_login_null	2026-04-30 23:44:29.723866-06
19	auth	0006_require_contenttypes_0002	2026-04-30 23:44:29.725195-06
20	auth	0007_alter_validators_add_error_messages	2026-04-30 23:44:29.734443-06
21	auth	0008_alter_user_username_max_length	2026-04-30 23:44:29.745556-06
22	auth	0009_alter_user_last_name_max_length	2026-04-30 23:44:29.754385-06
23	auth	0010_alter_group_name_max_length	2026-04-30 23:44:29.76393-06
24	auth	0011_update_proxy_permissions	2026-04-30 23:44:29.782134-06
25	auth	0012_alter_user_first_name_max_length	2026-04-30 23:44:29.790693-06
26	authtoken	0001_initial	2026-04-30 23:44:29.806347-06
27	authtoken	0002_auto_20160226_1747	2026-04-30 23:44:29.83104-06
28	authtoken	0003_tokenproxy	2026-04-30 23:44:29.833609-06
29	authtoken	0004_alter_tokenproxy_options	2026-04-30 23:44:29.838408-06
30	sessions	0001_initial	2026-04-30 23:44:29.848143-06
31	api	0009_bitacoraequina_fecha_evento_and_more	2026-05-01 01:55:10.35041-06
\.


--
-- Data for Name: django_session; Type: TABLE DATA; Schema: public; Owner: cuadra_user
--

COPY public.django_session (session_key, session_data, expire_date) FROM stdin;
\.


--
-- Name: api_catalogodiagnostico_id_seq; Type: SEQUENCE SET; Schema: public; Owner: cuadra_user
--

SELECT pg_catalog.setval('public.api_catalogodiagnostico_id_seq', 10, true);


--
-- Name: api_catalogoespecialidad_id_seq; Type: SEQUENCE SET; Schema: public; Owner: cuadra_user
--

SELECT pg_catalog.setval('public.api_catalogoespecialidad_id_seq', 9, true);


--
-- Name: api_catalogoestadocaballo_id_seq; Type: SEQUENCE SET; Schema: public; Owner: cuadra_user
--

SELECT pg_catalog.setval('public.api_catalogoestadocaballo_id_seq', 4, true);


--
-- Name: api_catalogoestadopago_id_seq; Type: SEQUENCE SET; Schema: public; Owner: cuadra_user
--

SELECT pg_catalog.setval('public.api_catalogoestadopago_id_seq', 4, true);


--
-- Name: api_catalogoestadosesion_id_seq; Type: SEQUENCE SET; Schema: public; Owner: cuadra_user
--

SELECT pg_catalog.setval('public.api_catalogoestadosesion_id_seq', 4, true);


--
-- Name: api_catalogoeventoequino_id_seq; Type: SEQUENCE SET; Schema: public; Owner: cuadra_user
--

SELECT pg_catalog.setval('public.api_catalogoeventoequino_id_seq', 6, true);


--
-- Name: api_catalogoobjetivo_id_seq; Type: SEQUENCE SET; Schema: public; Owner: cuadra_user
--

SELECT pg_catalog.setval('public.api_catalogoobjetivo_id_seq', 10, true);


--
-- Name: api_catalogoparentesco_id_seq; Type: SEQUENCE SET; Schema: public; Owner: cuadra_user
--

SELECT pg_catalog.setval('public.api_catalogoparentesco_id_seq', 7, true);


--
-- Name: api_pacientediagnostico_id_seq; Type: SEQUENCE SET; Schema: public; Owner: cuadra_user
--

SELECT pg_catalog.setval('public.api_pacientediagnostico_id_seq', 1, false);


--
-- Name: api_reporteobjetivo_id_seq; Type: SEQUENCE SET; Schema: public; Owner: cuadra_user
--

SELECT pg_catalog.setval('public.api_reporteobjetivo_id_seq', 1, false);


--
-- Name: api_rol_id_seq; Type: SEQUENCE SET; Schema: public; Owner: cuadra_user
--

SELECT pg_catalog.setval('public.api_rol_id_seq', 3, true);


--
-- Name: auth_group_id_seq; Type: SEQUENCE SET; Schema: public; Owner: cuadra_user
--

SELECT pg_catalog.setval('public.auth_group_id_seq', 1, false);


--
-- Name: auth_group_permissions_id_seq; Type: SEQUENCE SET; Schema: public; Owner: cuadra_user
--

SELECT pg_catalog.setval('public.auth_group_permissions_id_seq', 1, false);


--
-- Name: auth_permission_id_seq; Type: SEQUENCE SET; Schema: public; Owner: cuadra_user
--

SELECT pg_catalog.setval('public.auth_permission_id_seq', 116, true);


--
-- Name: auth_user_groups_id_seq; Type: SEQUENCE SET; Schema: public; Owner: cuadra_user
--

SELECT pg_catalog.setval('public.auth_user_groups_id_seq', 1, false);


--
-- Name: auth_user_id_seq; Type: SEQUENCE SET; Schema: public; Owner: cuadra_user
--

SELECT pg_catalog.setval('public.auth_user_id_seq', 1, false);


--
-- Name: auth_user_user_permissions_id_seq; Type: SEQUENCE SET; Schema: public; Owner: cuadra_user
--

SELECT pg_catalog.setval('public.auth_user_user_permissions_id_seq', 1, false);


--
-- Name: django_admin_log_id_seq; Type: SEQUENCE SET; Schema: public; Owner: cuadra_user
--

SELECT pg_catalog.setval('public.django_admin_log_id_seq', 1, false);


--
-- Name: django_content_type_id_seq; Type: SEQUENCE SET; Schema: public; Owner: cuadra_user
--

SELECT pg_catalog.setval('public.django_content_type_id_seq', 29, true);


--
-- Name: django_migrations_id_seq; Type: SEQUENCE SET; Schema: public; Owner: cuadra_user
--

SELECT pg_catalog.setval('public.django_migrations_id_seq', 31, true);


--
-- Name: api_bitacoraequina api_bitacoraequina_pkey; Type: CONSTRAINT; Schema: public; Owner: cuadra_user
--

ALTER TABLE ONLY public.api_bitacoraequina
    ADD CONSTRAINT api_bitacoraequina_pkey PRIMARY KEY (id);


--
-- Name: api_bitacoraseguridad api_bitacoraseguridad_pkey; Type: CONSTRAINT; Schema: public; Owner: cuadra_user
--

ALTER TABLE ONLY public.api_bitacoraseguridad
    ADD CONSTRAINT api_bitacoraseguridad_pkey PRIMARY KEY (id);


--
-- Name: api_caballo api_caballo_pkey; Type: CONSTRAINT; Schema: public; Owner: cuadra_user
--

ALTER TABLE ONLY public.api_caballo
    ADD CONSTRAINT api_caballo_pkey PRIMARY KEY (id);


--
-- Name: api_catalogodiagnostico api_catalogodiagnostico_pkey; Type: CONSTRAINT; Schema: public; Owner: cuadra_user
--

ALTER TABLE ONLY public.api_catalogodiagnostico
    ADD CONSTRAINT api_catalogodiagnostico_pkey PRIMARY KEY (id);


--
-- Name: api_catalogoespecialidad api_catalogoespecialidad_pkey; Type: CONSTRAINT; Schema: public; Owner: cuadra_user
--

ALTER TABLE ONLY public.api_catalogoespecialidad
    ADD CONSTRAINT api_catalogoespecialidad_pkey PRIMARY KEY (id);


--
-- Name: api_catalogoestadocaballo api_catalogoestadocaballo_pkey; Type: CONSTRAINT; Schema: public; Owner: cuadra_user
--

ALTER TABLE ONLY public.api_catalogoestadocaballo
    ADD CONSTRAINT api_catalogoestadocaballo_pkey PRIMARY KEY (id);


--
-- Name: api_catalogoestadopago api_catalogoestadopago_pkey; Type: CONSTRAINT; Schema: public; Owner: cuadra_user
--

ALTER TABLE ONLY public.api_catalogoestadopago
    ADD CONSTRAINT api_catalogoestadopago_pkey PRIMARY KEY (id);


--
-- Name: api_catalogoestadosesion api_catalogoestadosesion_pkey; Type: CONSTRAINT; Schema: public; Owner: cuadra_user
--

ALTER TABLE ONLY public.api_catalogoestadosesion
    ADD CONSTRAINT api_catalogoestadosesion_pkey PRIMARY KEY (id);


--
-- Name: api_catalogoeventoequino api_catalogoeventoequino_pkey; Type: CONSTRAINT; Schema: public; Owner: cuadra_user
--

ALTER TABLE ONLY public.api_catalogoeventoequino
    ADD CONSTRAINT api_catalogoeventoequino_pkey PRIMARY KEY (id);


--
-- Name: api_catalogoobjetivo api_catalogoobjetivo_pkey; Type: CONSTRAINT; Schema: public; Owner: cuadra_user
--

ALTER TABLE ONLY public.api_catalogoobjetivo
    ADD CONSTRAINT api_catalogoobjetivo_pkey PRIMARY KEY (id);


--
-- Name: api_catalogoparentesco api_catalogoparentesco_pkey; Type: CONSTRAINT; Schema: public; Owner: cuadra_user
--

ALTER TABLE ONLY public.api_catalogoparentesco
    ADD CONSTRAINT api_catalogoparentesco_pkey PRIMARY KEY (id);


--
-- Name: api_contactoemergencia api_contactoemergencia_pkey; Type: CONSTRAINT; Schema: public; Owner: cuadra_user
--

ALTER TABLE ONLY public.api_contactoemergencia
    ADD CONSTRAINT api_contactoemergencia_pkey PRIMARY KEY (id);


--
-- Name: api_paciente api_paciente_pkey; Type: CONSTRAINT; Schema: public; Owner: cuadra_user
--

ALTER TABLE ONLY public.api_paciente
    ADD CONSTRAINT api_paciente_pkey PRIMARY KEY (id);


--
-- Name: api_pacientediagnostico api_pacientediagnostico_paciente_id_diagnostico__a74de91f_uniq; Type: CONSTRAINT; Schema: public; Owner: cuadra_user
--

ALTER TABLE ONLY public.api_pacientediagnostico
    ADD CONSTRAINT api_pacientediagnostico_paciente_id_diagnostico__a74de91f_uniq UNIQUE (paciente_id, diagnostico_id);


--
-- Name: api_pacientediagnostico api_pacientediagnostico_pkey; Type: CONSTRAINT; Schema: public; Owner: cuadra_user
--

ALTER TABLE ONLY public.api_pacientediagnostico
    ADD CONSTRAINT api_pacientediagnostico_pkey PRIMARY KEY (id);


--
-- Name: api_pago api_pago_pkey; Type: CONSTRAINT; Schema: public; Owner: cuadra_user
--

ALTER TABLE ONLY public.api_pago
    ADD CONSTRAINT api_pago_pkey PRIMARY KEY (id);


--
-- Name: api_reporteobjetivo api_reporteobjetivo_pkey; Type: CONSTRAINT; Schema: public; Owner: cuadra_user
--

ALTER TABLE ONLY public.api_reporteobjetivo
    ADD CONSTRAINT api_reporteobjetivo_pkey PRIMARY KEY (id);


--
-- Name: api_reporteobjetivo api_reporteobjetivo_reporte_id_objetivo_id_8915becb_uniq; Type: CONSTRAINT; Schema: public; Owner: cuadra_user
--

ALTER TABLE ONLY public.api_reporteobjetivo
    ADD CONSTRAINT api_reporteobjetivo_reporte_id_objetivo_id_8915becb_uniq UNIQUE (reporte_id, objetivo_id);


--
-- Name: api_reportesesion api_reportesesion_pkey; Type: CONSTRAINT; Schema: public; Owner: cuadra_user
--

ALTER TABLE ONLY public.api_reportesesion
    ADD CONSTRAINT api_reportesesion_pkey PRIMARY KEY (id);


--
-- Name: api_reportesesion api_reportesesion_sesion_id_key; Type: CONSTRAINT; Schema: public; Owner: cuadra_user
--

ALTER TABLE ONLY public.api_reportesesion
    ADD CONSTRAINT api_reportesesion_sesion_id_key UNIQUE (sesion_id);


--
-- Name: api_rol api_rol_pkey; Type: CONSTRAINT; Schema: public; Owner: cuadra_user
--

ALTER TABLE ONLY public.api_rol
    ADD CONSTRAINT api_rol_pkey PRIMARY KEY (id);


--
-- Name: api_sesion api_sesion_pkey; Type: CONSTRAINT; Schema: public; Owner: cuadra_user
--

ALTER TABLE ONLY public.api_sesion
    ADD CONSTRAINT api_sesion_pkey PRIMARY KEY (id);


--
-- Name: api_terapeuta api_terapeuta_pkey; Type: CONSTRAINT; Schema: public; Owner: cuadra_user
--

ALTER TABLE ONLY public.api_terapeuta
    ADD CONSTRAINT api_terapeuta_pkey PRIMARY KEY (id);


--
-- Name: api_terapeuta api_terapeuta_usuario_id_key; Type: CONSTRAINT; Schema: public; Owner: cuadra_user
--

ALTER TABLE ONLY public.api_terapeuta
    ADD CONSTRAINT api_terapeuta_usuario_id_key UNIQUE (usuario_id);


--
-- Name: api_usuario api_usuario_email_key; Type: CONSTRAINT; Schema: public; Owner: cuadra_user
--

ALTER TABLE ONLY public.api_usuario
    ADD CONSTRAINT api_usuario_email_key UNIQUE (email);


--
-- Name: api_usuario api_usuario_pkey; Type: CONSTRAINT; Schema: public; Owner: cuadra_user
--

ALTER TABLE ONLY public.api_usuario
    ADD CONSTRAINT api_usuario_pkey PRIMARY KEY (id);


--
-- Name: auth_group auth_group_name_key; Type: CONSTRAINT; Schema: public; Owner: cuadra_user
--

ALTER TABLE ONLY public.auth_group
    ADD CONSTRAINT auth_group_name_key UNIQUE (name);


--
-- Name: auth_group_permissions auth_group_permissions_group_id_permission_id_0cd325b0_uniq; Type: CONSTRAINT; Schema: public; Owner: cuadra_user
--

ALTER TABLE ONLY public.auth_group_permissions
    ADD CONSTRAINT auth_group_permissions_group_id_permission_id_0cd325b0_uniq UNIQUE (group_id, permission_id);


--
-- Name: auth_group_permissions auth_group_permissions_pkey; Type: CONSTRAINT; Schema: public; Owner: cuadra_user
--

ALTER TABLE ONLY public.auth_group_permissions
    ADD CONSTRAINT auth_group_permissions_pkey PRIMARY KEY (id);


--
-- Name: auth_group auth_group_pkey; Type: CONSTRAINT; Schema: public; Owner: cuadra_user
--

ALTER TABLE ONLY public.auth_group
    ADD CONSTRAINT auth_group_pkey PRIMARY KEY (id);


--
-- Name: auth_permission auth_permission_content_type_id_codename_01ab375a_uniq; Type: CONSTRAINT; Schema: public; Owner: cuadra_user
--

ALTER TABLE ONLY public.auth_permission
    ADD CONSTRAINT auth_permission_content_type_id_codename_01ab375a_uniq UNIQUE (content_type_id, codename);


--
-- Name: auth_permission auth_permission_pkey; Type: CONSTRAINT; Schema: public; Owner: cuadra_user
--

ALTER TABLE ONLY public.auth_permission
    ADD CONSTRAINT auth_permission_pkey PRIMARY KEY (id);


--
-- Name: auth_user_groups auth_user_groups_pkey; Type: CONSTRAINT; Schema: public; Owner: cuadra_user
--

ALTER TABLE ONLY public.auth_user_groups
    ADD CONSTRAINT auth_user_groups_pkey PRIMARY KEY (id);


--
-- Name: auth_user_groups auth_user_groups_user_id_group_id_94350c0c_uniq; Type: CONSTRAINT; Schema: public; Owner: cuadra_user
--

ALTER TABLE ONLY public.auth_user_groups
    ADD CONSTRAINT auth_user_groups_user_id_group_id_94350c0c_uniq UNIQUE (user_id, group_id);


--
-- Name: auth_user auth_user_pkey; Type: CONSTRAINT; Schema: public; Owner: cuadra_user
--

ALTER TABLE ONLY public.auth_user
    ADD CONSTRAINT auth_user_pkey PRIMARY KEY (id);


--
-- Name: auth_user_user_permissions auth_user_user_permissions_pkey; Type: CONSTRAINT; Schema: public; Owner: cuadra_user
--

ALTER TABLE ONLY public.auth_user_user_permissions
    ADD CONSTRAINT auth_user_user_permissions_pkey PRIMARY KEY (id);


--
-- Name: auth_user_user_permissions auth_user_user_permissions_user_id_permission_id_14a6b632_uniq; Type: CONSTRAINT; Schema: public; Owner: cuadra_user
--

ALTER TABLE ONLY public.auth_user_user_permissions
    ADD CONSTRAINT auth_user_user_permissions_user_id_permission_id_14a6b632_uniq UNIQUE (user_id, permission_id);


--
-- Name: auth_user auth_user_username_key; Type: CONSTRAINT; Schema: public; Owner: cuadra_user
--

ALTER TABLE ONLY public.auth_user
    ADD CONSTRAINT auth_user_username_key UNIQUE (username);


--
-- Name: authtoken_token authtoken_token_pkey; Type: CONSTRAINT; Schema: public; Owner: cuadra_user
--

ALTER TABLE ONLY public.authtoken_token
    ADD CONSTRAINT authtoken_token_pkey PRIMARY KEY (key);


--
-- Name: authtoken_token authtoken_token_user_id_key; Type: CONSTRAINT; Schema: public; Owner: cuadra_user
--

ALTER TABLE ONLY public.authtoken_token
    ADD CONSTRAINT authtoken_token_user_id_key UNIQUE (user_id);


--
-- Name: django_admin_log django_admin_log_pkey; Type: CONSTRAINT; Schema: public; Owner: cuadra_user
--

ALTER TABLE ONLY public.django_admin_log
    ADD CONSTRAINT django_admin_log_pkey PRIMARY KEY (id);


--
-- Name: django_content_type django_content_type_app_label_model_76bd3d3b_uniq; Type: CONSTRAINT; Schema: public; Owner: cuadra_user
--

ALTER TABLE ONLY public.django_content_type
    ADD CONSTRAINT django_content_type_app_label_model_76bd3d3b_uniq UNIQUE (app_label, model);


--
-- Name: django_content_type django_content_type_pkey; Type: CONSTRAINT; Schema: public; Owner: cuadra_user
--

ALTER TABLE ONLY public.django_content_type
    ADD CONSTRAINT django_content_type_pkey PRIMARY KEY (id);


--
-- Name: django_migrations django_migrations_pkey; Type: CONSTRAINT; Schema: public; Owner: cuadra_user
--

ALTER TABLE ONLY public.django_migrations
    ADD CONSTRAINT django_migrations_pkey PRIMARY KEY (id);


--
-- Name: django_session django_session_pkey; Type: CONSTRAINT; Schema: public; Owner: cuadra_user
--

ALTER TABLE ONLY public.django_session
    ADD CONSTRAINT django_session_pkey PRIMARY KEY (session_key);


--
-- Name: api_bitacoraequina_caballo_id_2a479452; Type: INDEX; Schema: public; Owner: cuadra_user
--

CREATE INDEX api_bitacoraequina_caballo_id_2a479452 ON public.api_bitacoraequina USING btree (caballo_id);


--
-- Name: api_bitacoraequina_tipo_evento_id_eafba057; Type: INDEX; Schema: public; Owner: cuadra_user
--

CREATE INDEX api_bitacoraequina_tipo_evento_id_eafba057 ON public.api_bitacoraequina USING btree (tipo_evento_id);


--
-- Name: api_bitacoraseguridad_usuario_accion_id_8261a9af; Type: INDEX; Schema: public; Owner: cuadra_user
--

CREATE INDEX api_bitacoraseguridad_usuario_accion_id_8261a9af ON public.api_bitacoraseguridad USING btree (usuario_accion_id);


--
-- Name: api_bitacoraseguridad_usuario_afectado_id_f86f248a; Type: INDEX; Schema: public; Owner: cuadra_user
--

CREATE INDEX api_bitacoraseguridad_usuario_afectado_id_f86f248a ON public.api_bitacoraseguridad USING btree (usuario_afectado_id);


--
-- Name: api_caballo_estado_salud_id_24350435; Type: INDEX; Schema: public; Owner: cuadra_user
--

CREATE INDEX api_caballo_estado_salud_id_24350435 ON public.api_caballo USING btree (estado_salud_id);


--
-- Name: api_contactoemergencia_paciente_id_fcde819a; Type: INDEX; Schema: public; Owner: cuadra_user
--

CREATE INDEX api_contactoemergencia_paciente_id_fcde819a ON public.api_contactoemergencia USING btree (paciente_id);


--
-- Name: api_contactoemergencia_parentesco_id_8fbfee61; Type: INDEX; Schema: public; Owner: cuadra_user
--

CREATE INDEX api_contactoemergencia_parentesco_id_8fbfee61 ON public.api_contactoemergencia USING btree (parentesco_id);


--
-- Name: api_paciente_caballo_favorito_id_7feb6be4; Type: INDEX; Schema: public; Owner: cuadra_user
--

CREATE INDEX api_paciente_caballo_favorito_id_7feb6be4 ON public.api_paciente USING btree (caballo_favorito_id);


--
-- Name: api_paciente_tutor_id_91c99864; Type: INDEX; Schema: public; Owner: cuadra_user
--

CREATE INDEX api_paciente_tutor_id_91c99864 ON public.api_paciente USING btree (tutor_id);


--
-- Name: api_pacientediagnostico_diagnostico_id_4ae696b8; Type: INDEX; Schema: public; Owner: cuadra_user
--

CREATE INDEX api_pacientediagnostico_diagnostico_id_4ae696b8 ON public.api_pacientediagnostico USING btree (diagnostico_id);


--
-- Name: api_pacientediagnostico_paciente_id_e7b9dc62; Type: INDEX; Schema: public; Owner: cuadra_user
--

CREATE INDEX api_pacientediagnostico_paciente_id_e7b9dc62 ON public.api_pacientediagnostico USING btree (paciente_id);


--
-- Name: api_pago_estatus_id_4d38cb20; Type: INDEX; Schema: public; Owner: cuadra_user
--

CREATE INDEX api_pago_estatus_id_4d38cb20 ON public.api_pago USING btree (estatus_id);


--
-- Name: api_pago_sesion_id_5b709f7f; Type: INDEX; Schema: public; Owner: cuadra_user
--

CREATE INDEX api_pago_sesion_id_5b709f7f ON public.api_pago USING btree (sesion_id);


--
-- Name: api_pago_tutor_id_3d9a2087; Type: INDEX; Schema: public; Owner: cuadra_user
--

CREATE INDEX api_pago_tutor_id_3d9a2087 ON public.api_pago USING btree (tutor_id);


--
-- Name: api_reporteobjetivo_objetivo_id_07aaf470; Type: INDEX; Schema: public; Owner: cuadra_user
--

CREATE INDEX api_reporteobjetivo_objetivo_id_07aaf470 ON public.api_reporteobjetivo USING btree (objetivo_id);


--
-- Name: api_reporteobjetivo_reporte_id_ac0c9ea9; Type: INDEX; Schema: public; Owner: cuadra_user
--

CREATE INDEX api_reporteobjetivo_reporte_id_ac0c9ea9 ON public.api_reporteobjetivo USING btree (reporte_id);


--
-- Name: api_sesion_caballo_id_e197f00a; Type: INDEX; Schema: public; Owner: cuadra_user
--

CREATE INDEX api_sesion_caballo_id_e197f00a ON public.api_sesion USING btree (caballo_id);


--
-- Name: api_sesion_estatus_id_48691a40; Type: INDEX; Schema: public; Owner: cuadra_user
--

CREATE INDEX api_sesion_estatus_id_48691a40 ON public.api_sesion USING btree (estatus_id);


--
-- Name: api_sesion_paciente_id_60a81ef5; Type: INDEX; Schema: public; Owner: cuadra_user
--

CREATE INDEX api_sesion_paciente_id_60a81ef5 ON public.api_sesion USING btree (paciente_id);


--
-- Name: api_sesion_terapeuta_id_c282e308; Type: INDEX; Schema: public; Owner: cuadra_user
--

CREATE INDEX api_sesion_terapeuta_id_c282e308 ON public.api_sesion USING btree (terapeuta_id);


--
-- Name: api_terapeuta_especialidad_id_5da23089; Type: INDEX; Schema: public; Owner: cuadra_user
--

CREATE INDEX api_terapeuta_especialidad_id_5da23089 ON public.api_terapeuta USING btree (especialidad_id);


--
-- Name: api_usuario_email_4504348f_like; Type: INDEX; Schema: public; Owner: cuadra_user
--

CREATE INDEX api_usuario_email_4504348f_like ON public.api_usuario USING btree (email varchar_pattern_ops);


--
-- Name: api_usuario_rol_id_204d1889; Type: INDEX; Schema: public; Owner: cuadra_user
--

CREATE INDEX api_usuario_rol_id_204d1889 ON public.api_usuario USING btree (rol_id);


--
-- Name: auth_group_name_a6ea08ec_like; Type: INDEX; Schema: public; Owner: cuadra_user
--

CREATE INDEX auth_group_name_a6ea08ec_like ON public.auth_group USING btree (name varchar_pattern_ops);


--
-- Name: auth_group_permissions_group_id_b120cbf9; Type: INDEX; Schema: public; Owner: cuadra_user
--

CREATE INDEX auth_group_permissions_group_id_b120cbf9 ON public.auth_group_permissions USING btree (group_id);


--
-- Name: auth_group_permissions_permission_id_84c5c92e; Type: INDEX; Schema: public; Owner: cuadra_user
--

CREATE INDEX auth_group_permissions_permission_id_84c5c92e ON public.auth_group_permissions USING btree (permission_id);


--
-- Name: auth_permission_content_type_id_2f476e4b; Type: INDEX; Schema: public; Owner: cuadra_user
--

CREATE INDEX auth_permission_content_type_id_2f476e4b ON public.auth_permission USING btree (content_type_id);


--
-- Name: auth_user_groups_group_id_97559544; Type: INDEX; Schema: public; Owner: cuadra_user
--

CREATE INDEX auth_user_groups_group_id_97559544 ON public.auth_user_groups USING btree (group_id);


--
-- Name: auth_user_groups_user_id_6a12ed8b; Type: INDEX; Schema: public; Owner: cuadra_user
--

CREATE INDEX auth_user_groups_user_id_6a12ed8b ON public.auth_user_groups USING btree (user_id);


--
-- Name: auth_user_user_permissions_permission_id_1fbb5f2c; Type: INDEX; Schema: public; Owner: cuadra_user
--

CREATE INDEX auth_user_user_permissions_permission_id_1fbb5f2c ON public.auth_user_user_permissions USING btree (permission_id);


--
-- Name: auth_user_user_permissions_user_id_a95ead1b; Type: INDEX; Schema: public; Owner: cuadra_user
--

CREATE INDEX auth_user_user_permissions_user_id_a95ead1b ON public.auth_user_user_permissions USING btree (user_id);


--
-- Name: auth_user_username_6821ab7c_like; Type: INDEX; Schema: public; Owner: cuadra_user
--

CREATE INDEX auth_user_username_6821ab7c_like ON public.auth_user USING btree (username varchar_pattern_ops);


--
-- Name: authtoken_token_key_10f0b77e_like; Type: INDEX; Schema: public; Owner: cuadra_user
--

CREATE INDEX authtoken_token_key_10f0b77e_like ON public.authtoken_token USING btree (key varchar_pattern_ops);


--
-- Name: django_admin_log_content_type_id_c4bce8eb; Type: INDEX; Schema: public; Owner: cuadra_user
--

CREATE INDEX django_admin_log_content_type_id_c4bce8eb ON public.django_admin_log USING btree (content_type_id);


--
-- Name: django_admin_log_user_id_c564eba6; Type: INDEX; Schema: public; Owner: cuadra_user
--

CREATE INDEX django_admin_log_user_id_c564eba6 ON public.django_admin_log USING btree (user_id);


--
-- Name: django_session_expire_date_a5c62663; Type: INDEX; Schema: public; Owner: cuadra_user
--

CREATE INDEX django_session_expire_date_a5c62663 ON public.django_session USING btree (expire_date);


--
-- Name: django_session_session_key_c0390e0f_like; Type: INDEX; Schema: public; Owner: cuadra_user
--

CREATE INDEX django_session_session_key_c0390e0f_like ON public.django_session USING btree (session_key varchar_pattern_ops);


--
-- Name: api_bitacoraequina api_bitacoraequina_caballo_id_2a479452_fk_api_caballo_id; Type: FK CONSTRAINT; Schema: public; Owner: cuadra_user
--

ALTER TABLE ONLY public.api_bitacoraequina
    ADD CONSTRAINT api_bitacoraequina_caballo_id_2a479452_fk_api_caballo_id FOREIGN KEY (caballo_id) REFERENCES public.api_caballo(id) DEFERRABLE INITIALLY DEFERRED;


--
-- Name: api_bitacoraequina api_bitacoraequina_tipo_evento_id_eafba057_fk_api_catal; Type: FK CONSTRAINT; Schema: public; Owner: cuadra_user
--

ALTER TABLE ONLY public.api_bitacoraequina
    ADD CONSTRAINT api_bitacoraequina_tipo_evento_id_eafba057_fk_api_catal FOREIGN KEY (tipo_evento_id) REFERENCES public.api_catalogoeventoequino(id) DEFERRABLE INITIALLY DEFERRED;


--
-- Name: api_bitacoraseguridad api_bitacorasegurida_usuario_accion_id_8261a9af_fk_api_usuar; Type: FK CONSTRAINT; Schema: public; Owner: cuadra_user
--

ALTER TABLE ONLY public.api_bitacoraseguridad
    ADD CONSTRAINT api_bitacorasegurida_usuario_accion_id_8261a9af_fk_api_usuar FOREIGN KEY (usuario_accion_id) REFERENCES public.api_usuario(id) DEFERRABLE INITIALLY DEFERRED;


--
-- Name: api_bitacoraseguridad api_bitacorasegurida_usuario_afectado_id_f86f248a_fk_api_usuar; Type: FK CONSTRAINT; Schema: public; Owner: cuadra_user
--

ALTER TABLE ONLY public.api_bitacoraseguridad
    ADD CONSTRAINT api_bitacorasegurida_usuario_afectado_id_f86f248a_fk_api_usuar FOREIGN KEY (usuario_afectado_id) REFERENCES public.api_usuario(id) DEFERRABLE INITIALLY DEFERRED;


--
-- Name: api_caballo api_caballo_estado_salud_id_24350435_fk_api_catal; Type: FK CONSTRAINT; Schema: public; Owner: cuadra_user
--

ALTER TABLE ONLY public.api_caballo
    ADD CONSTRAINT api_caballo_estado_salud_id_24350435_fk_api_catal FOREIGN KEY (estado_salud_id) REFERENCES public.api_catalogoestadocaballo(id) DEFERRABLE INITIALLY DEFERRED;


--
-- Name: api_contactoemergencia api_contactoemergenc_parentesco_id_8fbfee61_fk_api_catal; Type: FK CONSTRAINT; Schema: public; Owner: cuadra_user
--

ALTER TABLE ONLY public.api_contactoemergencia
    ADD CONSTRAINT api_contactoemergenc_parentesco_id_8fbfee61_fk_api_catal FOREIGN KEY (parentesco_id) REFERENCES public.api_catalogoparentesco(id) DEFERRABLE INITIALLY DEFERRED;


--
-- Name: api_contactoemergencia api_contactoemergencia_paciente_id_fcde819a_fk_api_paciente_id; Type: FK CONSTRAINT; Schema: public; Owner: cuadra_user
--

ALTER TABLE ONLY public.api_contactoemergencia
    ADD CONSTRAINT api_contactoemergencia_paciente_id_fcde819a_fk_api_paciente_id FOREIGN KEY (paciente_id) REFERENCES public.api_paciente(id) DEFERRABLE INITIALLY DEFERRED;


--
-- Name: api_paciente api_paciente_caballo_favorito_id_7feb6be4_fk_api_caballo_id; Type: FK CONSTRAINT; Schema: public; Owner: cuadra_user
--

ALTER TABLE ONLY public.api_paciente
    ADD CONSTRAINT api_paciente_caballo_favorito_id_7feb6be4_fk_api_caballo_id FOREIGN KEY (caballo_favorito_id) REFERENCES public.api_caballo(id) DEFERRABLE INITIALLY DEFERRED;


--
-- Name: api_paciente api_paciente_tutor_id_91c99864_fk_api_usuario_id; Type: FK CONSTRAINT; Schema: public; Owner: cuadra_user
--

ALTER TABLE ONLY public.api_paciente
    ADD CONSTRAINT api_paciente_tutor_id_91c99864_fk_api_usuario_id FOREIGN KEY (tutor_id) REFERENCES public.api_usuario(id) DEFERRABLE INITIALLY DEFERRED;


--
-- Name: api_pacientediagnostico api_pacientediagnost_diagnostico_id_4ae696b8_fk_api_catal; Type: FK CONSTRAINT; Schema: public; Owner: cuadra_user
--

ALTER TABLE ONLY public.api_pacientediagnostico
    ADD CONSTRAINT api_pacientediagnost_diagnostico_id_4ae696b8_fk_api_catal FOREIGN KEY (diagnostico_id) REFERENCES public.api_catalogodiagnostico(id) DEFERRABLE INITIALLY DEFERRED;


--
-- Name: api_pacientediagnostico api_pacientediagnostico_paciente_id_e7b9dc62_fk_api_paciente_id; Type: FK CONSTRAINT; Schema: public; Owner: cuadra_user
--

ALTER TABLE ONLY public.api_pacientediagnostico
    ADD CONSTRAINT api_pacientediagnostico_paciente_id_e7b9dc62_fk_api_paciente_id FOREIGN KEY (paciente_id) REFERENCES public.api_paciente(id) DEFERRABLE INITIALLY DEFERRED;


--
-- Name: api_pago api_pago_estatus_id_4d38cb20_fk_api_catalogoestadopago_id; Type: FK CONSTRAINT; Schema: public; Owner: cuadra_user
--

ALTER TABLE ONLY public.api_pago
    ADD CONSTRAINT api_pago_estatus_id_4d38cb20_fk_api_catalogoestadopago_id FOREIGN KEY (estatus_id) REFERENCES public.api_catalogoestadopago(id) DEFERRABLE INITIALLY DEFERRED;


--
-- Name: api_pago api_pago_sesion_id_5b709f7f_fk_api_sesion_id; Type: FK CONSTRAINT; Schema: public; Owner: cuadra_user
--

ALTER TABLE ONLY public.api_pago
    ADD CONSTRAINT api_pago_sesion_id_5b709f7f_fk_api_sesion_id FOREIGN KEY (sesion_id) REFERENCES public.api_sesion(id) DEFERRABLE INITIALLY DEFERRED;


--
-- Name: api_pago api_pago_tutor_id_3d9a2087_fk_api_usuario_id; Type: FK CONSTRAINT; Schema: public; Owner: cuadra_user
--

ALTER TABLE ONLY public.api_pago
    ADD CONSTRAINT api_pago_tutor_id_3d9a2087_fk_api_usuario_id FOREIGN KEY (tutor_id) REFERENCES public.api_usuario(id) DEFERRABLE INITIALLY DEFERRED;


--
-- Name: api_reporteobjetivo api_reporteobjetivo_objetivo_id_07aaf470_fk_api_catal; Type: FK CONSTRAINT; Schema: public; Owner: cuadra_user
--

ALTER TABLE ONLY public.api_reporteobjetivo
    ADD CONSTRAINT api_reporteobjetivo_objetivo_id_07aaf470_fk_api_catal FOREIGN KEY (objetivo_id) REFERENCES public.api_catalogoobjetivo(id) DEFERRABLE INITIALLY DEFERRED;


--
-- Name: api_reporteobjetivo api_reporteobjetivo_reporte_id_ac0c9ea9_fk_api_reportesesion_id; Type: FK CONSTRAINT; Schema: public; Owner: cuadra_user
--

ALTER TABLE ONLY public.api_reporteobjetivo
    ADD CONSTRAINT api_reporteobjetivo_reporte_id_ac0c9ea9_fk_api_reportesesion_id FOREIGN KEY (reporte_id) REFERENCES public.api_reportesesion(id) DEFERRABLE INITIALLY DEFERRED;


--
-- Name: api_reportesesion api_reportesesion_sesion_id_db69997d_fk_api_sesion_id; Type: FK CONSTRAINT; Schema: public; Owner: cuadra_user
--

ALTER TABLE ONLY public.api_reportesesion
    ADD CONSTRAINT api_reportesesion_sesion_id_db69997d_fk_api_sesion_id FOREIGN KEY (sesion_id) REFERENCES public.api_sesion(id) DEFERRABLE INITIALLY DEFERRED;


--
-- Name: api_sesion api_sesion_caballo_id_e197f00a_fk_api_caballo_id; Type: FK CONSTRAINT; Schema: public; Owner: cuadra_user
--

ALTER TABLE ONLY public.api_sesion
    ADD CONSTRAINT api_sesion_caballo_id_e197f00a_fk_api_caballo_id FOREIGN KEY (caballo_id) REFERENCES public.api_caballo(id) DEFERRABLE INITIALLY DEFERRED;


--
-- Name: api_sesion api_sesion_estatus_id_48691a40_fk_api_catalogoestadosesion_id; Type: FK CONSTRAINT; Schema: public; Owner: cuadra_user
--

ALTER TABLE ONLY public.api_sesion
    ADD CONSTRAINT api_sesion_estatus_id_48691a40_fk_api_catalogoestadosesion_id FOREIGN KEY (estatus_id) REFERENCES public.api_catalogoestadosesion(id) DEFERRABLE INITIALLY DEFERRED;


--
-- Name: api_sesion api_sesion_paciente_id_60a81ef5_fk_api_paciente_id; Type: FK CONSTRAINT; Schema: public; Owner: cuadra_user
--

ALTER TABLE ONLY public.api_sesion
    ADD CONSTRAINT api_sesion_paciente_id_60a81ef5_fk_api_paciente_id FOREIGN KEY (paciente_id) REFERENCES public.api_paciente(id) DEFERRABLE INITIALLY DEFERRED;


--
-- Name: api_sesion api_sesion_terapeuta_id_c282e308_fk_api_terapeuta_id; Type: FK CONSTRAINT; Schema: public; Owner: cuadra_user
--

ALTER TABLE ONLY public.api_sesion
    ADD CONSTRAINT api_sesion_terapeuta_id_c282e308_fk_api_terapeuta_id FOREIGN KEY (terapeuta_id) REFERENCES public.api_terapeuta(id) DEFERRABLE INITIALLY DEFERRED;


--
-- Name: api_terapeuta api_terapeuta_especialidad_id_5da23089_fk_api_catal; Type: FK CONSTRAINT; Schema: public; Owner: cuadra_user
--

ALTER TABLE ONLY public.api_terapeuta
    ADD CONSTRAINT api_terapeuta_especialidad_id_5da23089_fk_api_catal FOREIGN KEY (especialidad_id) REFERENCES public.api_catalogoespecialidad(id) DEFERRABLE INITIALLY DEFERRED;


--
-- Name: api_terapeuta api_terapeuta_usuario_id_e2fade22_fk_api_usuario_id; Type: FK CONSTRAINT; Schema: public; Owner: cuadra_user
--

ALTER TABLE ONLY public.api_terapeuta
    ADD CONSTRAINT api_terapeuta_usuario_id_e2fade22_fk_api_usuario_id FOREIGN KEY (usuario_id) REFERENCES public.api_usuario(id) DEFERRABLE INITIALLY DEFERRED;


--
-- Name: api_usuario api_usuario_rol_id_204d1889_fk_api_rol_id; Type: FK CONSTRAINT; Schema: public; Owner: cuadra_user
--

ALTER TABLE ONLY public.api_usuario
    ADD CONSTRAINT api_usuario_rol_id_204d1889_fk_api_rol_id FOREIGN KEY (rol_id) REFERENCES public.api_rol(id) DEFERRABLE INITIALLY DEFERRED;


--
-- Name: auth_group_permissions auth_group_permissio_permission_id_84c5c92e_fk_auth_perm; Type: FK CONSTRAINT; Schema: public; Owner: cuadra_user
--

ALTER TABLE ONLY public.auth_group_permissions
    ADD CONSTRAINT auth_group_permissio_permission_id_84c5c92e_fk_auth_perm FOREIGN KEY (permission_id) REFERENCES public.auth_permission(id) DEFERRABLE INITIALLY DEFERRED;


--
-- Name: auth_group_permissions auth_group_permissions_group_id_b120cbf9_fk_auth_group_id; Type: FK CONSTRAINT; Schema: public; Owner: cuadra_user
--

ALTER TABLE ONLY public.auth_group_permissions
    ADD CONSTRAINT auth_group_permissions_group_id_b120cbf9_fk_auth_group_id FOREIGN KEY (group_id) REFERENCES public.auth_group(id) DEFERRABLE INITIALLY DEFERRED;


--
-- Name: auth_permission auth_permission_content_type_id_2f476e4b_fk_django_co; Type: FK CONSTRAINT; Schema: public; Owner: cuadra_user
--

ALTER TABLE ONLY public.auth_permission
    ADD CONSTRAINT auth_permission_content_type_id_2f476e4b_fk_django_co FOREIGN KEY (content_type_id) REFERENCES public.django_content_type(id) DEFERRABLE INITIALLY DEFERRED;


--
-- Name: auth_user_groups auth_user_groups_group_id_97559544_fk_auth_group_id; Type: FK CONSTRAINT; Schema: public; Owner: cuadra_user
--

ALTER TABLE ONLY public.auth_user_groups
    ADD CONSTRAINT auth_user_groups_group_id_97559544_fk_auth_group_id FOREIGN KEY (group_id) REFERENCES public.auth_group(id) DEFERRABLE INITIALLY DEFERRED;


--
-- Name: auth_user_groups auth_user_groups_user_id_6a12ed8b_fk_auth_user_id; Type: FK CONSTRAINT; Schema: public; Owner: cuadra_user
--

ALTER TABLE ONLY public.auth_user_groups
    ADD CONSTRAINT auth_user_groups_user_id_6a12ed8b_fk_auth_user_id FOREIGN KEY (user_id) REFERENCES public.auth_user(id) DEFERRABLE INITIALLY DEFERRED;


--
-- Name: auth_user_user_permissions auth_user_user_permi_permission_id_1fbb5f2c_fk_auth_perm; Type: FK CONSTRAINT; Schema: public; Owner: cuadra_user
--

ALTER TABLE ONLY public.auth_user_user_permissions
    ADD CONSTRAINT auth_user_user_permi_permission_id_1fbb5f2c_fk_auth_perm FOREIGN KEY (permission_id) REFERENCES public.auth_permission(id) DEFERRABLE INITIALLY DEFERRED;


--
-- Name: auth_user_user_permissions auth_user_user_permissions_user_id_a95ead1b_fk_auth_user_id; Type: FK CONSTRAINT; Schema: public; Owner: cuadra_user
--

ALTER TABLE ONLY public.auth_user_user_permissions
    ADD CONSTRAINT auth_user_user_permissions_user_id_a95ead1b_fk_auth_user_id FOREIGN KEY (user_id) REFERENCES public.auth_user(id) DEFERRABLE INITIALLY DEFERRED;


--
-- Name: authtoken_token authtoken_token_user_id_35299eff_fk_auth_user_id; Type: FK CONSTRAINT; Schema: public; Owner: cuadra_user
--

ALTER TABLE ONLY public.authtoken_token
    ADD CONSTRAINT authtoken_token_user_id_35299eff_fk_auth_user_id FOREIGN KEY (user_id) REFERENCES public.auth_user(id) DEFERRABLE INITIALLY DEFERRED;


--
-- Name: django_admin_log django_admin_log_content_type_id_c4bce8eb_fk_django_co; Type: FK CONSTRAINT; Schema: public; Owner: cuadra_user
--

ALTER TABLE ONLY public.django_admin_log
    ADD CONSTRAINT django_admin_log_content_type_id_c4bce8eb_fk_django_co FOREIGN KEY (content_type_id) REFERENCES public.django_content_type(id) DEFERRABLE INITIALLY DEFERRED;


--
-- Name: django_admin_log django_admin_log_user_id_c564eba6_fk_auth_user_id; Type: FK CONSTRAINT; Schema: public; Owner: cuadra_user
--

ALTER TABLE ONLY public.django_admin_log
    ADD CONSTRAINT django_admin_log_user_id_c564eba6_fk_auth_user_id FOREIGN KEY (user_id) REFERENCES public.auth_user(id) DEFERRABLE INITIALLY DEFERRED;


--
-- PostgreSQL database dump complete
--

\unrestrict kM8MzehwBi2zNQM10FzSOTR20dMJDYMxm1qrXkgZ5DdRA1wHaOnzUsY9HO1c6bg

